Timestamp,Speed,RSRP,RSRQ,SNR,CQI,RSSI,DL_bitrate,UL_bitrate,ServingCell_Distance
2017.12.03_10.09.56,0,-121,-17,-7,5,-94,3153,85,928.09
2017.12.03_10.09.56,0,-121,-17,-7,5,-94,2717,50,928.09
2017.12.03_10.09.57,0,-119,-17,-7,6,-94,2784,52,928.09
2017.12.03_10.09.58,0,-119,-17,-7,6,-94,1923,36,928.09
2017.12.03_10.10.00,0,-119,-17,-7,6,-94,1845,69,928.09
2017.12.03_10.10.01,0,-119,-17,-7,6,-94,1073,19,928.09
2017.12.03_10.10.02,0,-119,-17,-7,6,-94,2829,52,928.09
2017.12.03_10.10.03,0,-119,-17,-7,6,-94,1364,53,928.09
2017.12.03_10.10.04,0,-119,-17,-7,6,-94,1845,37,928.09
2017.12.03_10.10.05,0,-119,-17,-7,6,-94,1487,27,928.09
2017.12.03_10.10.06,0,-119,-17,-6,6,-94,2348,43,928.09
2017.12.03_10.10.07,0,-119,-17,-6,6,-94,973,28,928.09
2017.12.03_10.10.08,0,-119,-17,-6,6,-94,2594,61,928.09
2017.12.03_10.10.10,0,-119,-17,-6,6,-94,1767,33,928.09
2017.12.03_10.10.11,0,-120,-18,-6,6,-94,1006,42,928.09
2017.12.03_10.10.12,0,-120,-18,-6,6,-94,1163,25,928.09
2017.12.03_10.10.13,0,-119,-17,-6,6,-94,1364,25,928.09
2017.12.03_10.10.14,0,-119,-17,-6,6,-94,1621,30,928.09
2017.12.03_10.10.15,0,-118,-17,-6,6,-94,794,17,928.09
2017.12.03_10.10.16,0,-118,-17,-6,7,-94,1353,43,928.09
2017.12.03_10.10.17,0,-119,-18,-6,7,-94,391,13,928.09
2017.12.03_10.10.18,0,-119,-18,-6,7,-94,816,31,928.09
2017.12.03_10.10.20,0,-120,-17,-5,7,-94,838,29,928.09
2017.12.03_10.10.21,0,-120,-17,-5,7,-94,1207,26,928.09
2017.12.03_10.10.22,0,-118,-17,-5,7,-94,782,18,928.09
2017.12.03_10.10.23,0,-118,-17,-5,7,-94,1386,26,928.09
2017.12.03_10.10.24,0,-120,-18,-6,7,-94,1588,30,928.09
2017.12.03_10.10.25,0,-120,-18,-6,7,-94,1822,34,928.09
2017.12.03_10.10.26,0,-121,-17,-5,6,-94,1453,27,928.09
2017.12.03_10.10.27,0,-121,-17,-5,6,-94,2315,43,928.09
2017.12.03_10.10.28,0,-120,-17,-5,6,-94,3165,59,928.09
2017.12.03_10.10.29,0,-120,-17,-5,6,-94,3019,56,928.09
2017.12.03_10.10.31,0,-119,-17,-5,6,-94,3658,70,928.09
2017.12.03_10.10.32,0,-119,-17,-5,6,-94,2886,57,928.09
2017.12.03_10.10.33,0,-120,-18,-5,6,-94,671,30,928.09
2017.12.03_10.10.34,0,-120,-18,-5,6,-94,2303,105,928.09
2017.12.03_10.10.35,0,-119,-17,-4,6,-94,2583,48,928.09
2017.12.03_10.10.36,0,-119,-17,-4,6,-94,3847,72,928.09
2017.12.03_10.10.37,0,-118,-18,-5,6,-94,3781,70,928.09
2017.12.03_10.10.38,0,-118,-18,-5,6,-94,1733,34,928.09
2017.12.03_10.10.39,0,-119,-17,-5,6,-94,995,22,928.09
2017.12.03_10.10.41,0,-119,-17,-5,6,-94,1890,97,928.09
2017.12.03_10.10.42,0,-119,-17,-5,6,-94,1308,61,928.09
2017.12.03_10.10.43,0,-119,-17,-5,6,-94,995,45,928.09
2017.12.03_10.10.44,0,-119,-17,-5,6,-94,2460,110,928.09
2017.12.03_10.10.45,0,-119,-17,-5,6,-94,917,40,928.09
2017.12.03_10.10.46,0,-118,-18,-5,6,-94,1621,66,928.09
2017.12.03_10.10.47,0,-118,-18,-5,6,-94,1789,60,928.09
2017.12.03_10.10.48,0,-119,-17,-5,6,-94,1610,57,928.09
2017.12.03_10.10.49,0,-119,-17,-5,6,-94,1129,21,928.09
2017.12.03_10.10.51,0,-119,-17,-5,6,-94,1800,34,928.09
2017.12.03_10.10.52,0,-119,-17,-5,6,-94,805,29,928.09
2017.12.03_10.10.53,0,-120,-18,-5,6,-94,2192,46,928.09
2017.12.03_10.10.54,0,-120,-18,-5,6,-94,2281,42,928.09
2017.12.03_10.10.55,0,-120,-16,-2,6,-94,2348,43,928.09
2017.12.03_10.10.56,0,-120,-16,-2,6,-94,2594,48,928.09
2017.12.03_10.10.57,0,-119,-17,-2,6,-94,2617,48,928.09
2017.12.03_10.10.58,0,-119,-17,-2,6,-94,4641,90,928.09
2017.12.03_10.10.59,0,-120,-16,-2,6,-94,3355,62,928.09
2017.12.03_10.11.01,0,-120,-16,-2,6,-94,2594,48,928.09
2017.12.03_10.11.02,0,-120,-16,0,6,-94,4015,74,928.09
2017.12.03_10.11.03,0,-120,-16,0,6,-94,4674,86,928.09
2017.12.03_10.11.04,0,-120,-15,0,6,-94,2494,91,928.09
2017.12.03_10.11.05,0,-120,-15,0,6,-94,3198,110,928.09
2017.12.03_10.11.06,0,-120,-16,-1,6,-94,2617,49,928.09
2017.12.03_10.11.07,0,-120,-16,-1,6,-94,1588,30,928.09
2017.12.03_10.11.08,0,-120,-17,-3,6,-94,3109,60,928.09
2017.12.03_10.11.09,0,-120,-17,-3,6,-94,3109,58,928.09
2017.12.03_10.11.11,0,-120,-15,-1,6,-94,2080,80,928.09
2017.12.03_10.11.12,0,-120,-15,-1,6,-94,2147,40,928.09
2017.12.03_10.11.13,0,-120,-16,-1,6,-94,3545,71,928.09
2017.12.03_10.11.14,0,-120,-16,-1,6,-94,861,22,928.09
2017.12.03_10.11.15,0,-119,-16,-1,6,-94,3834,130,928.09
2017.12.03_10.11.16,0,-119,-16,-1,6,-94,2038,38,928.09
2017.12.03_10.11.17,0,-120,-16,-1,6,-94,2367,71,928.09
2017.12.03_10.11.18,0,-120,-16,-1,6,-94,1521,28,928.09
2017.12.03_10.11.19,0,-120,-17,-4,6,-94,3332,62,928.09
2017.12.03_10.11.21,0,-120,-17,-4,6,-94,3344,65,928.09
2017.12.03_10.11.22,0,-119,-17,-4,6,-94,2684,50,928.09
2017.12.03_10.11.23,0,-119,-17,-4,6,-94,5211,96,928.09
2017.12.03_10.11.24,0,-119,-17,-3,6,-94,7851,146,928.09
2017.12.03_10.11.25,0,-119,-17,-3,6,-94,3042,56,928.09
2017.12.03_10.11.26,0,-119,-15,-1,6,-94,3467,127,928.09
2017.12.03_10.11.27,0,-119,-15,-1,6,-94,4730,88,928.09
2017.12.03_10.11.28,0,-119,-14,-2,6,-94,3936,73,928.09
2017.12.03_10.11.30,0,-119,-14,-2,6,-94,7191,133,928.09
2017.12.03_10.11.31,0,-119,-15,-2,6,-94,3746,69,928.09
2017.12.03_10.11.32,0,-119,-15,-2,6,-94,4283,79,928.09
2017.12.03_10.11.33,0,-118,-15,-1,6,-94,4015,74,928.09
2017.12.03_10.11.34,0,-118,-15,-1,6,-94,3053,56,928.09
2017.12.03_10.11.35,0,-118,-15,-1,6,-94,4753,88,928.09
2017.12.03_10.11.36,0,-118,-15,-1,6,-94,3120,58,928.09
2017.12.03_10.11.37,0,-119,-14,-1,6,-94,3455,64,928.09
2017.12.03_10.11.39,0,-119,-14,-1,6,-94,4082,76,928.09
2017.12.03_10.11.40,0,-120,-15,0,6,-94,2348,47,928.09
2017.12.03_10.11.41,0,-120,-15,0,6,-94,1890,34,928.09
2017.12.03_10.11.42,0,-118,-17,-2,6,-94,2192,114,928.09
2017.12.03_10.11.43,0,-118,-17,-2,6,-94,2997,149,928.09
2017.12.03_10.11.44,0,-119,-18,-2,6,-94,1028,50,928.09
2017.12.03_10.11.45,0,-119,-18,-2,6,-94,1789,97,928.09
2017.12.03_10.11.46,0,-120,-15,-4,6,-94,0,0,928.09
2017.12.03_10.11.48,0,-120,-15,-4,6,-94,134,6,928.09
2017.12.03_10.11.49,0,-120,-17,-4,6,-94,2283,79,928.09
2017.12.03_10.11.50,0,-120,-17,-4,6,-94,3790,72,928.09
2017.12.03_10.11.51,0,-118,-17,-2,6,-94,2686,102,928.09
2017.12.03_10.11.52,0,-118,-17,-2,6,-94,3072,104,928.09
2017.12.03_10.11.53,0,-120,-17,-2,6,-94,2718,90,928.09
2017.12.03_10.11.54,0,-120,-17,-2,6,-94,2696,105,928.09
2017.12.03_10.11.55,0,-119,-17,-3,6,-94,2843,55,928.09
2017.12.03_10.11.56,0,-119,-17,-3,6,-94,2384,50,928.09
2017.12.03_10.11.58,0,-119,-17,-4,6,-94,2979,80,928.09
2017.12.03_10.11.59,0,-119,-17,-4,6,-94,760,38,928.09
2017.12.03_10.12.00,0,-119,-17,-5,6,-94,1901,93,928.09
2017.12.03_10.12.01,0,-119,-17,-5,6,-94,1576,76,928.09
2017.12.03_10.12.02,0,-120,-17,-5,6,-94,1811,85,928.09
2017.12.03_10.12.03,0,-120,-17,-5,6,-94,1946,46,928.09
2017.12.03_10.12.04,0,-120,-17,-4,6,-94,1677,74,928.09
2017.12.03_10.12.05,0,-120,-17,-4,6,-94,380,7,928.09
2017.12.03_10.12.06,0,-118,-17,-4,6,-94,0,0,928.09
2017.12.03_10.12.07,0,-118,-17,-4,6,-94,2986,55,928.09
2017.12.03_10.12.09,0,-118,-17,-3,6,-94,1755,32,928.09
2017.12.03_10.12.10,0,-118,-17,-3,6,-94,1576,75,928.09
2017.12.03_10.12.11,0,-119,-17,-4,6,-94,1923,55,928.09
2017.12.03_10.12.12,0,-119,-17,-4,6,-94,3053,56,928.09
2017.12.03_10.12.13,0,-119,-16,-3,6,-94,3030,56,928.09
2017.12.03_10.12.14,0,-119,-16,-3,6,-94,3321,60,928.09
2017.12.03_10.12.15,0,-120,-17,-3,6,-94,4495,82,928.09
2017.12.03_10.12.16,0,-120,-17,-3,6,-94,4082,75,928.09
2017.12.03_10.12.18,0,-120,-16,-2,6,-94,894,32,928.09
2017.12.03_10.12.19,0,-120,-16,-2,6,-94,1968,38,928.09
2017.12.03_10.12.20,0,-120,-17,-3,6,-94,592,14,928.09
2017.12.03_10.12.21,0,-120,-17,-3,6,-94,1733,32,928.09
2017.12.03_10.12.22,0,-118,-18,-5,6,-94,1800,33,928.09
2017.12.03_10.12.23,0,-118,-18,-5,6,-94,2415,90,928.09
2017.12.03_10.12.24,0,-120,-17,-3,6,-94,1453,27,928.09
2017.12.03_10.12.25,0,-120,-17,-3,6,-94,1845,60,928.09
2017.12.03_10.12.26,0,-120,-16,-2,6,-94,816,25,928.09
2017.12.03_10.12.28,0,-120,-16,-2,6,-94,2482,46,928.09
2017.12.03_10.12.29,0,-118,-17,-3,6,-94,3422,63,928.09
2017.12.03_10.12.30,0,-118,-17,-3,6,-94,3377,62,928.09
2017.12.03_10.12.31,0,-119,-17,-4,6,-94,2572,47,928.09
2017.12.03_10.12.32,0,-119,-17,-4,6,-94,2751,50,928.09
2017.12.03_10.12.33,0,-120,-17,-3,6,-94,3444,64,928.09
2017.12.03_10.12.34,0,-120,-17,-3,6,-94,2840,52,928.09
2017.12.03_10.12.35,0,-119,-16,-2,6,-94,2807,52,928.09
2017.12.03_10.12.37,0,-119,-16,-2,6,-94,2762,52,928.09
2017.12.03_10.12.38,0,-118,-17,-2,6,-94,2706,50,928.09
2017.12.03_10.12.39,0,-118,-17,-2,6,-94,2080,39,928.09
2017.12.03_10.12.40,0,-118,-16,-2,6,-94,2773,56,928.09
2017.12.03_10.12.41,0,-118,-16,-2,6,-94,682,31,928.09
2017.12.03_10.12.42,0,-120,-17,-2,6,-94,1565,78,928.09
2017.12.03_10.12.43,0,-120,-17,-2,6,-94,3299,119,928.09
2017.12.03_10.12.44,0,-118,-17,-3,6,-94,3355,62,928.09
2017.12.03_10.12.45,0,-118,-17,-3,6,-94,3701,68,928.09
2017.12.03_10.12.47,0,-118,-16,-2,6,-94,2225,41,928.09
2017.12.03_10.12.48,0,-118,-16,-2,6,-94,3388,62,928.09
2017.12.03_10.12.49,0,-118,-18,-4,6,-94,3522,164,928.09
2017.12.03_10.12.50,0,-118,-18,-4,6,-94,1867,53,928.09
2017.12.03_10.12.51,0,-119,-17,-5,6,-94,2069,78,928.09
2017.12.03_10.12.52,0,-119,-17,-5,6,-94,648,31,928.09
2017.12.03_10.12.53,0,-119,-17,-3,6,-94,1453,73,928.09
2017.12.03_10.12.54,0,-119,-17,-3,6,-94,2516,62,928.09
2017.12.03_10.12.55,0,-120,-17,-3,6,-94,1509,31,928.09
2017.12.03_10.12.57,0,-120,-17,-3,6,-94,1509,28,928.09
2017.12.03_10.12.58,0,-119,-17,-4,6,-94,1733,64,928.09
2017.12.03_10.12.59,0,-119,-17,-4,6,-94,1096,50,928.09
2017.12.03_10.13.00,0,-118,-17,-5,6,-94,1364,70,928.09
2017.12.03_10.13.01,0,-118,-17,-5,6,-94,1409,67,928.09
2017.12.03_10.13.02,0,-120,-15,-2,6,-94,581,26,928.09
2017.12.03_10.13.03,0,-120,-15,-2,6,-94,2885,57,928.09
2017.12.03_10.13.04,0,-119,-16,-1,6,-94,424,13,928.09
2017.12.03_10.13.05,0,-119,-16,-1,6,-94,1532,76,928.09
2017.12.03_10.13.07,0,-120,-17,-3,6,-94,1733,54,928.09
2017.12.03_10.13.08,0,-120,-17,-3,6,-94,659,12,928.09
2017.12.03_10.13.09,0,-120,-16,-4,6,-94,1733,78,928.09
2017.12.03_10.13.10,0,-120,-16,-4,6,-94,1420,29,928.09
2017.12.03_10.13.11,0,-118,-17,-4,6,-94,2751,51,928.09
2017.12.03_10.13.12,0,-118,-17,-4,6,-94,1207,49,928.09
2017.12.03_10.13.13,0,-119,-17,-4,6,-94,1342,33,928.09
2017.12.03_10.13.14,0,-119,-17,-4,6,-94,2629,50,928.09
2017.12.03_10.13.15,0,-120,-16,-3,6,-94,2494,46,928.09
2017.12.03_10.13.17,0,-120,-16,-3,6,-94,3791,71,928.09
2017.12.03_10.13.18,0,-119,-17,-5,6,-94,2684,49,928.09
2017.12.03_10.13.19,0,-119,-17,-5,6,-94,335,7,928.09
2017.12.03_10.13.20,0,-120,-17,-5,6,-94,2415,91,928.09
2017.12.03_10.13.21,0,-120,-17,-5,6,-94,984,24,928.09
2017.12.03_10.13.22,0,-119,-17,-6,6,-94,2080,71,928.09
2017.12.03_10.13.23,0,-119,-17,-6,6,-94,1890,36,928.09
2017.12.03_10.13.24,0,-118,-17,-4,6,-94,2080,38,928.09
2017.12.03_10.13.25,0,-118,-17,-4,6,-94,1655,30,928.09
2017.12.03_10.13.27,0,-118,-17,-2,6,-94,2527,47,928.09
2017.12.03_10.13.28,0,-118,-17,-2,6,-94,2426,47,928.09
2017.12.03_10.13.29,0,-120,-17,-5,6,-94,1923,36,928.09
2017.12.03_10.13.30,0,-120,-17,-5,6,-94,1789,33,928.09
2017.12.03_10.13.31,0,-119,-17,-6,6,-94,1767,33,928.09
2017.12.03_10.13.32,0,-119,-17,-6,6,-94,4853,107,928.09
2017.12.03_10.13.33,0,-120,-16,-1,6,-94,2247,101,928.09
2017.12.03_10.13.34,0,-120,-16,-1,6,-94,2326,106,928.09
2017.12.03_10.13.35,0,-118,-17,-1,6,-94,1979,37,928.09
2017.12.03_10.13.37,0,-118,-17,-1,6,-94,2628,48,928.09
2017.12.03_10.13.38,0,-119,-17,-2,6,-94,838,38,928.09
2017.12.03_10.13.39,0,-119,-17,-2,6,-94,1084,53,928.09
2017.12.03_10.13.40,0,-120,-16,-2,6,-94,89,4,928.09
2017.12.03_10.13.41,0,-120,-16,-2,6,-94,1632,82,928.09
2017.12.03_10.13.42,0,-120,-17,-3,6,-94,726,36,928.09
2017.12.03_10.13.43,0,-120,-17,-3,6,-94,1487,78,928.09
2017.12.03_10.13.44,0,-119,-17,-4,6,-94,1051,53,928.09
2017.12.03_10.13.45,0,-119,-17,-4,6,-94,1398,34,928.09
2017.12.03_10.13.47,0,-120,-18,-4,6,-94,794,15,928.09
2017.12.03_10.13.48,0,-120,-18,-4,6,-94,1711,82,928.09
2017.12.03_10.13.49,0,-120,-18,-4,6,-94,1274,30,928.09
2017.12.03_10.13.50,0,-120,-18,-4,6,-94,2494,88,928.09
2017.12.03_10.13.51,0,-120,-17,-4,6,-94,2024,37,928.09
2017.12.03_10.13.52,0,-120,-17,-4,6,-94,1398,26,928.09
2017.12.03_10.13.53,0,-119,-18,-5,6,-94,1017,43,928.09
2017.12.03_10.13.54,0,-119,-18,-5,6,-94,1923,37,928.09
2017.12.03_10.13.55,0,-120,-17,-4,6,-94,1073,20,928.09
2017.12.03_10.13.57,0,-120,-17,-4,6,-94,1755,33,928.09
2017.12.03_10.13.58,0,-120,-17,-4,6,-94,2594,48,928.09
2017.12.03_10.13.59,0,-120,-17,-4,6,-94,2113,39,928.09
2017.12.03_10.14.00,0,-120,-18,-4,6,-94,1688,31,928.09
2017.12.03_10.14.01,0,-120,-18,-4,6,-94,760,17,928.09
2017.12.03_10.14.02,0,-120,-17,-4,6,-94,1845,34,928.09
2017.12.03_10.14.03,0,-120,-17,-4,6,-94,2874,53,928.09
2017.12.03_10.14.04,0,-120,-18,-4,6,-94,1465,59,928.09
2017.12.03_10.14.05,0,-120,-18,-4,6,-94,5804,122,928.09
2017.12.03_10.14.07,0,-120,-17,-3,6,-94,626,23,928.09
2017.12.03_10.14.08,0,-120,-17,-3,6,-94,1878,78,928.09
2017.12.03_10.14.09,0,-120,-17,-4,6,-94,1453,70,928.09
2017.12.03_10.14.10,0,-120,-17,-4,6,-94,4730,87,928.09
2017.12.03_10.14.11,0,-120,-16,-1,6,-94,1084,32,928.09
2017.12.03_10.14.12,0,-120,-16,-1,6,-94,3880,84,928.09
2017.12.03_10.14.13,0,-120,-16,0,6,-94,3914,72,928.09
2017.12.03_10.14.14,0,-120,-16,0,6,-94,3388,62,928.09
2017.12.03_10.14.15,0,-119,-18,-1,6,-94,3388,63,928.09
2017.12.03_10.14.17,0,-119,-18,-1,6,-94,3511,65,928.09
2017.12.03_10.14.18,0,-120,-18,0,6,-94,715,14,928.09
2017.12.03_10.14.19,0,-120,-18,0,6,-94,1990,70,928.09
2017.12.03_10.14.20,0,-120,-18,-4,6,-94,2930,55,928.09
2017.12.03_10.14.21,0,-120,-18,-4,6,-94,4205,81,928.09
2017.12.03_10.14.22,0,-120,-17,-4,6,-94,2661,53,928.09
2017.12.03_10.14.23,0,-120,-17,-4,6,-94,2214,43,928.09
2017.12.03_10.14.24,0,-120,-17,-2,6,-94,5693,104,928.09
2017.12.03_10.14.26,0,-120,-17,-2,6,-94,6620,127,928.09
2017.12.03_10.14.27,0,-120,-16,1,6,-94,2225,41,928.09
2017.12.03_10.14.28,0,-120,-16,1,6,-94,1230,61,928.09
2017.12.03_10.14.29,0,-120,-17,-2,6,-94,2348,60,928.09
2017.12.03_10.14.30,0,-120,-17,-2,6,-94,2617,48,928.09
2017.12.03_10.14.31,0,-120,-18,-3,6,-94,7124,132,928.09
2017.12.03_10.14.32,0,-120,-18,-3,6,-94,6173,114,928.09
2017.12.03_10.14.33,0,-119,-17,-2,6,-94,5681,105,928.09
2017.12.03_10.14.35,0,-119,-17,-2,6,-94,6039,111,928.09
2017.12.03_10.14.36,0,-119,-15,0,6,-94,6934,128,928.09
2017.12.03_10.14.37,0,-119,-15,0,6,-94,4082,76,928.09
2017.12.03_10.14.38,0,-119,-17,-1,6,-94,3131,58,928.09
2017.12.03_10.14.39,0,-119,-17,-1,6,-94,5290,97,928.09
2017.12.03_10.14.40,0,-120,-16,-1,6,-94,5446,103,928.09
2017.12.03_10.14.41,0,-120,-16,-1,6,-94,1498,56,928.09
2017.12.03_10.14.42,0,-120,-17,-2,6,-94,1006,51,928.09
2017.12.03_10.14.43,0,-120,-17,-2,6,-94,1308,71,928.09
2017.12.03_10.14.45,0,-119,-18,-4,6,-94,2303,113,928.09
2017.12.03_10.14.46,0,-119,-18,-4,6,-94,5502,108,928.09
2017.12.03_10.14.47,0,-118,-16,-1,6,-94,3601,68,928.09
2017.12.03_10.14.48,0,-118,-16,-1,6,-94,2964,84,928.09
2017.12.03_10.14.49,0,-118,-17,-3,6,-94,3031,106,928.09
2017.12.03_10.14.50,0,-118,-17,-3,6,-94,3914,76,928.09
2017.12.03_10.14.51,0,-120,-17,-2,6,-94,849,18,928.09
2017.12.03_10.14.52,0,-120,-17,-2,6,-94,1610,74,928.09
2017.12.03_10.14.54,0,-120,-18,-4,6,-94,1386,68,928.09
2017.12.03_10.14.55,0,-120,-18,-4,6,-94,1867,86,928.09
2017.12.03_10.14.56,0,-120,-18,-4,6,-94,1040,27,928.09
2017.12.03_10.14.57,0,-120,-18,-4,6,-94,2919,94,928.09
2017.12.03_10.14.58,0,-120,-17,-4,6,-94,1744,33,928.09
2017.12.03_10.14.59,0,-120,-17,-4,6,-94,2549,47,928.09
2017.12.03_10.15.00,0,-120,-16,-4,6,-94,4406,82,928.09
2017.12.03_10.15.01,0,-120,-16,-4,6,-94,492,9,928.09
2017.12.03_10.15.02,0,-120,-17,-4,6,-94,301,15,928.09
2017.12.03_10.15.04,0,-120,-17,-4,6,-94,2180,80,928.09
2017.12.03_10.15.05,0,-119,-17,-4,6,-94,3209,59,928.09
2017.12.03_10.15.06,0,-119,-17,-4,6,-94,1946,36,928.09
2017.12.03_10.15.07,0,-119,-17,-3,6,-94,1957,37,928.09
2017.12.03_10.15.08,0,-119,-17,-3,6,-94,2158,40,928.09
2017.12.03_10.15.09,0,-120,-17,-3,6,-94,917,17,928.09
2017.12.03_10.15.10,0,-120,-17,-3,6,-94,2113,84,928.09
2017.12.03_10.15.11,0,-118,-17,-2,6,-94,782,23,928.09
2017.12.03_10.15.12,0,-118,-17,-2,6,-94,3981,100,928.09
2017.12.03_10.15.14,0,-120,-16,0,6,-94,2818,52,928.09
2017.12.03_10.15.15,0,-120,-16,0,6,-94,1521,64,928.09
2017.12.03_10.15.16,0,-120,-17,2,6,-94,1699,62,928.09
2017.12.03_10.15.17,0,-120,-17,2,6,-94,2594,48,928.09
2017.12.03_10.15.18,0,-118,-17,-3,6,-94,2180,40,928.09
2017.12.03_10.15.19,0,-118,-17,-3,6,-94,1051,20,928.09
2017.12.03_10.15.20,0,-119,-18,-3,6,-94,1822,55,928.09
2017.12.03_10.15.21,0,-119,-18,-3,6,-94,2102,39,928.09
2017.12.03_10.15.22,0,-120,-17,-3,6,-94,4104,76,928.09
2017.12.03_10.15.24,0,-120,-17,-3,6,-94,2639,49,928.09
2017.12.03_10.15.25,0,-120,-18,-4,6,-94,2583,47,928.09
2017.12.03_10.15.26,0,-120,-18,-4,6,-94,2919,54,928.09
2017.12.03_10.15.27,0,-119,-15,-3,6,-94,1353,25,928.09
2017.12.03_10.15.28,0,-119,-15,-3,6,-94,2874,52,928.09
2017.12.03_10.15.29,0,-120,-17,-2,6,-94,2404,47,928.09
2017.12.03_10.15.30,0,-120,-17,-2,6,-94,0,0,928.09
2017.12.03_10.15.31,0,-119,-17,-4,6,-94,1968,78,928.09
2017.12.03_10.15.33,0,-119,-17,-4,6,-94,3903,72,928.09
2017.12.03_10.15.34,0,-121,-17,-2,9,-94,5245,96,928.09
2017.12.03_10.15.35,0,-121,-17,-2,9,-94,2069,38,928.09
2017.12.03_10.15.36,0,-120,-18,-1,8,-94,2393,87,928.09
2017.12.03_10.15.37,0,-120,-18,-1,8,-94,4395,81,928.09
2017.12.03_10.15.38,0,-121,-16,0,8,-94,2952,58,928.09
2017.12.03_10.15.39,0,-121,-16,0,8,-94,1398,32,928.09
2017.12.03_10.15.40,0,-120,-18,-2,8,-94,2080,101,928.09
2017.12.03_10.15.41,0,-120,-18,-2,8,-94,961,44,928.09
2017.12.03_10.15.43,0,-121,-18,-3,8,-94,1632,74,928.09
2017.12.03_10.15.44,0,-121,-18,-3,8,-94,1442,28,928.09
2017.12.03_10.15.45,0,-121,-17,-4,8,-94,3612,66,928.09
2017.12.03_10.15.46,0,-121,-17,-4,8,-94,1588,60,928.09
2017.12.03_10.15.47,0,-120,-18,-4,8,-94,1442,27,928.09
2017.12.03_10.15.48,0,-120,-18,-4,8,-94,2516,47,928.09
2017.12.03_10.15.49,0,-121,-17,-3,8,-94,4999,129,928.09
2017.12.03_10.15.50,0,-121,-17,-3,8,-94,1588,29,928.09
2017.12.03_10.15.51,0,-120,-18,-4,8,-94,1699,32,928.09
2017.12.03_10.15.53,0,-120,-18,-4,6,-94,1431,26,928.09
2017.12.03_10.15.54,0,-119,-19,-6,6,-94,1834,60,928.09
2017.12.03_10.15.55,0,-119,-19,-6,6,-94,627,19,928.09
2017.12.03_10.15.56,0,-121,-19,-4,6,-94,1517,45,928.09
2017.12.03_10.15.57,0,-121,-19,-4,6,-94,712,35,928.09
2017.12.03_10.15.58,0,-121,-19,-6,6,-94,1219,23,928.09
2017.12.03_10.15.59,0,-121,-19,-6,6,-94,603,16,928.09
2017.12.03_10.16.00,0,-119,-18,-5,6,-94,1353,25,928.09
2017.12.03_10.16.01,0,-119,-18,-5,6,-94,1040,19,928.09
2017.12.03_10.16.03,0,-121,-18,-4,6,-94,1107,21,928.09
2017.12.03_10.16.04,0,-121,-18,-4,6,-94,1263,38,928.09
2017.12.03_10.16.05,0,-121,-17,-4,6,-94,380,7,928.09
2017.12.03_10.16.06,0,-121,-17,-4,6,-94,1286,35,928.09
2017.12.03_10.16.07,0,-119,-19,-5,6,-94,861,17,928.09
2017.12.03_10.16.08,0,-119,-19,-5,6,-94,1151,22,928.09
2017.12.03_10.16.09,0,-121,-19,-5,6,-94,570,22,928.09
2017.12.03_10.16.10,0,-121,-19,-5,6,-94,1655,31,928.09
2017.12.03_10.16.11,0,-120,-18,-4,6,-94,1267,42,928.09
2017.12.03_10.16.12,0,-120,-18,-4,6,-94,1286,23,928.09
2017.12.03_10.16.14,0,-120,-18,-5,6,-94,1252,24,928.09
2017.12.03_10.16.15,0,-120,-18,-5,6,-94,1353,25,928.09
2017.12.03_10.16.16,0,-120,-18,-5,6,-94,1476,27,928.09
2017.12.03_10.16.17,0,-120,-18,-5,6,-94,1118,21,928.09
2017.12.03_10.16.18,0,-121,-18,-5,6,-94,939,18,928.09
2017.12.03_10.16.19,0,-121,-18,-5,6,-94,1487,30,928.09
2017.12.03_10.16.20,0,-120,-19,-5,6,-94,1252,27,928.09
2017.12.03_10.16.21,0,-120,-19,-5,6,-94,1084,24,928.09
2017.12.03_10.16.22,0,-121,-18,-4,6,-94,156,6,928.09
2017.12.03_10.16.24,0,-121,-18,-4,6,-94,1409,47,928.09
2017.12.03_10.16.25,0,-121,-18,-5,6,-94,1017,19,928.09
2017.12.03_10.16.26,0,-121,-18,-5,6,-94,950,40,928.09
2017.12.03_10.16.27,0,-119,-19,-5,6,-94,1744,32,928.09
2017.12.03_10.16.28,0,-119,-19,-5,6,-94,1946,36,928.09
2017.12.03_10.16.29,0,-121,-18,-5,6,-94,1576,46,928.09
2017.12.03_10.16.30,0,-121,-18,-5,6,-94,827,15,928.09
2017.12.03_10.16.31,0,-121,-18,-3,6,-94,1319,47,928.09
2017.12.03_10.16.32,0,-121,-18,-3,6,-94,1163,22,928.09
2017.12.03_10.16.33,0,-121,-18,-5,6,-94,3321,61,928.09
2017.12.03_10.16.35,0,-121,-18,-5,6,-94,3030,56,928.09
2017.12.03_10.16.36,0,-121,-18,-4,6,-94,1006,19,928.09
2017.12.03_10.16.37,0,-121,-18,-4,6,-94,984,30,928.09
2017.12.03_10.16.38,0,-121,-18,-5,6,-94,928,17,928.09
2017.12.03_10.16.39,0,-121,-18,-5,6,-94,1084,20,928.09
2017.12.03_10.16.40,0,-121,-19,-5,6,-94,1789,34,928.09
2017.12.03_10.16.41,0,-121,-19,-5,6,-94,2113,39,928.09
2017.12.03_10.16.42,0,-121,-16,-4,6,-94,8499,154,928.09
2017.12.03_10.16.43,0,-121,-16,-4,6,-94,4652,85,928.09
2017.12.03_10.16.45,0,-121,-18,-2,6,-94,1867,35,928.09
2017.12.03_10.16.46,0,-121,-18,-2,7,-94,3165,59,928.09
2017.12.03_10.16.47,0,-119,-16,-2,7,-94,2113,39,928.09
2017.12.03_10.16.48,0,-119,-16,-2,5,-94,1957,65,928.09
2017.12.03_10.16.49,0,-121,-18,-3,5,-94,2605,104,928.09
2017.12.03_10.16.50,0,-121,-18,-3,5,-94,2863,94,928.09
2017.12.03_10.16.51,0,-121,-17,-2,5,-94,2505,46,928.09
2017.12.03_10.16.52,0,-121,-17,-2,9,-94,503,22,928.09
2017.12.03_10.16.53,0,-119,-18,-4,6,-94,3210,80,928.09
2017.12.03_10.16.55,0,-119,-18,-4,6,-94,3131,58,928.09
2017.12.03_10.16.56,0,-121,-19,-4,6,-94,3131,58,928.09
2017.12.03_10.16.57,0,-121,-19,-4,6,-94,1957,67,928.09
2017.12.03_10.16.58,0,-121,-18,-5,6,-94,1980,36,928.09
2017.12.03_10.16.59,0,-121,-18,-5,6,-94,872,18,928.09
2017.12.03_10.17.00,0,-120,-18,-5,6,-94,2572,48,928.09
2017.12.03_10.17.01,0,-120,-18,-5,5,-94,2158,40,928.09
2017.12.03_10.17.02,0,-120,-18,-6,5,-94,4585,86,928.09
2017.12.03_10.17.03,0,-120,-18,-6,5,-94,1677,32,928.09
2017.12.03_10.17.05,0,-121,-18,-4,9,-94,2482,75,928.09
2017.12.03_10.17.06,0,-121,-18,-4,6,-94,2024,40,928.09
2017.12.03_10.17.07,0,-121,-18,-4,6,-94,2024,37,928.09
2017.12.03_10.17.08,0,-121,-18,-4,6,-94,3030,85,928.09
2017.12.03_10.17.09,0,-121,-18,-5,6,-94,1498,56,928.09
2017.12.03_10.17.10,0,-121,-18,-5,6,-94,2337,44,928.09
2017.12.03_10.17.11,0,-121,-18,-5,6,-94,1923,36,928.09
2017.12.03_10.17.12,0,-121,-18,-5,5,-94,1946,38,928.09
2017.12.03_10.17.13,0,-119,-19,-5,6,-94,1946,37,928.09
2017.12.03_10.17.15,0,-119,-19,-5,6,-94,1364,27,928.09
2017.12.03_10.17.16,0,-120,-18,-4,6,-94,1220,42,928.09
2017.12.03_10.17.17,0,-120,-18,-4,6,-94,1241,22,928.09
2017.12.03_10.17.18,0,-120,-18,-4,6,-94,1230,26,928.09
2017.12.03_10.17.19,0,-120,-18,-4,6,-94,1330,25,928.09
2017.12.03_10.17.20,0,-119,-19,-4,6,-94,1856,34,928.09
2017.12.03_10.17.21,0,-119,-19,-4,6,-94,2572,72,928.09
2017.12.03_10.17.22,0,-121,-16,-3,8,-94,2158,40,928.09
2017.12.03_10.17.23,0,-121,-16,-3,8,-94,246,11,928.09
2017.12.03_10.17.25,0,-120,-18,-5,8,-94,816,19,928.09
2017.12.03_10.17.26,0,-120,-18,-5,8,-94,1230,23,928.09
2017.12.03_10.17.27,0,-121,-19,-5,8,-94,995,22,928.09
2017.12.03_10.17.28,0,-121,-19,-5,5,-94,1610,30,928.09
2017.12.03_10.17.29,0,-119,-18,-5,6,-94,749,24,928.09
2017.12.03_10.17.30,0,-119,-18,-5,6,-94,1554,38,928.09
2017.12.03_10.17.31,0,-121,-19,-5,6,-94,2225,42,928.09
2017.12.03_10.17.32,0,-121,-19,-5,6,-94,1476,27,928.09
2017.12.03_10.17.33,0,-121,-18,-5,6,-94,1308,41,928.09
2017.12.03_10.17.35,0,-121,-18,-5,6,-94,615,12,928.09
2017.12.03_10.17.36,0,-121,-19,-4,6,-94,1733,32,928.09
2017.12.03_10.17.37,0,-121,-19,-4,8,-94,1252,24,928.09
2017.12.03_10.17.38,0,-121,-18,-5,8,-94,2091,39,928.09
2017.12.03_10.17.39,0,-121,-18,-5,8,-94,2046,38,928.09
2017.12.03_10.17.40,0,-121,-19,-4,8,-94,1353,25,928.09
2017.12.03_10.17.41,0,-121,-19,-4,8,-94,1017,40,928.09
2017.12.03_10.17.42,0,-119,-18,-5,6,-94,1677,31,928.09
2017.12.03_10.17.43,0,-119,-18,-5,6,-94,1319,24,928.09
2017.12.03_10.17.44,0,-121,-19,-5,6,-94,1453,27,928.09
2017.12.03_10.17.46,0,-121,-19,-5,6,-94,1655,51,928.09
2017.12.03_10.17.47,0,-121,-17,-5,6,-94,2348,44,928.09
2017.12.03_10.17.48,0,-121,-17,-5,6,-94,2069,38,928.09
2017.12.03_10.17.49,0,-120,-16,-2,7,-94,2236,42,928.09
2017.12.03_10.17.50,0,-120,-16,-2,6,-94,1644,52,928.09
2017.12.03_10.17.51,0,-121,-17,-5,6,-94,1688,31,928.09
2017.12.03_10.17.52,0,-121,-17,-5,7,-94,2035,37,928.09
2017.12.03_10.17.53,0,-121,-16,-4,7,-94,2639,49,928.09
2017.12.03_10.17.55,0,-121,-16,-4,7,-94,3198,59,928.09
2017.12.03_10.17.56,0,-121,-18,-3,7,-94,2740,51,928.09
2017.12.03_10.17.57,0,-121,-18,-3,7,-94,2617,49,928.09
2017.12.03_10.17.58,0,-120,-16,-5,7,-94,2650,49,928.09
2017.12.03_10.17.59,0,-120,-16,-5,5,-94,1319,24,928.09
2017.12.03_10.18.00,0,-119,-17,-4,5,-94,3399,63,928.09
2017.12.03_10.18.01,0,-119,-17,-2,7,-94,749,17,928.09
2017.12.03_10.18.02,0,-118,-16,-2,7,-94,2728,51,928.09
2017.12.03_10.18.03,0,-118,-16,-2,7,-94,3265,60,928.09
2017.12.03_10.18.05,0,-121,-17,-3,7,-94,2303,43,928.09
2017.12.03_10.18.06,0,-121,-17,-3,7,-94,2851,131,928.09
2017.12.03_10.18.07,0,-120,-17,-5,7,-94,2494,69,928.09
2017.12.03_10.18.08,0,-120,-17,-5,7,-94,1498,31,928.09
2017.12.03_10.18.09,0,-121,-18,-3,7,-94,2426,95,928.09
2017.12.03_10.18.10,0,-121,-18,-3,7,-94,2337,124,928.09
2017.12.03_10.18.11,0,-121,-18,-5,7,-94,4820,220,928.09
2017.12.03_10.18.12,0,-121,-18,-5,7,-94,145,7,928.09
2017.12.03_10.18.13,0,-121,-18,-5,6,-94,1856,95,928.09
2017.12.03_10.18.15,0,-121,-18,-5,6,-94,1420,41,928.09
2017.12.03_10.18.16,0,-121,-18,-6,6,-94,637,29,928.09
2017.12.03_10.18.17,0,-121,-18,-6,6,-94,1062,53,928.09
2017.12.03_10.18.18,0,-122,-18,-7,6,-94,1174,53,928.09
2017.12.03_10.18.19,0,-122,-18,-7,6,-94,1274,62,928.09
2017.12.03_10.18.21,0,-121,-18,-7,6,-94,1062,48,928.09
2017.12.03_10.18.22,0,-121,-18,-7,6,-94,2247,77,928.09
2017.12.03_10.18.23,0,-121,-18,-7,6,-94,1274,50,928.09
2017.12.03_10.18.24,0,-121,-18,-7,6,-94,1822,61,928.09
2017.12.03_10.18.25,0,-121,-18,-7,6,-94,715,33,928.09
2017.12.03_10.18.26,0,-121,-18,-7,5,-94,1453,29,928.09
2017.12.03_10.18.27,0,-120,-18,-7,5,-94,1207,39,928.09
2017.12.03_10.18.28,0,-120,-18,-7,5,-94,1051,27,928.09
2017.12.03_10.18.29,0,-121,-18,-7,5,-94,1442,27,928.09
2017.12.03_10.18.31,0,-121,-18,-7,5,-94,1532,32,928.09
2017.12.03_10.18.32,0,-121,-18,-6,5,-94,1151,46,928.09
2017.12.03_10.18.33,0,-121,-18,-6,5,-94,1621,30,928.09
2017.12.03_10.18.34,0,-122,-18,-7,5,-94,939,18,928.09
2017.12.03_10.18.35,0,-122,-18,-7,5,-94,1353,25,928.09
2017.12.03_10.18.36,0,-122,-18,-7,5,-94,1297,24,928.09
2017.12.03_10.18.37,0,-122,-18,-7,5,-94,1219,46,928.09
2017.12.03_10.18.38,0,-122,-18,-7,5,-94,1353,26,928.09
2017.12.03_10.18.39,0,-122,-18,-7,5,-94,961,18,928.09
2017.12.03_10.18.40,0,-122,-16,-7,5,-94,1174,39,928.09
2017.12.03_10.18.42,0,-122,-16,-7,5,-94,1498,38,928.09
2017.12.03_10.18.43,0,-122,-19,-7,5,-94,1062,23,928.09
2017.12.03_10.18.44,0,-122,-19,-7,5,-94,1185,35,928.09
2017.12.03_10.18.45,0,-121,-18,-7,5,-94,659,15,928.09
2017.12.03_10.18.46,0,-121,-18,-7,5,-94,1073,35,928.09
2017.12.03_10.18.47,0,-121,-18,-7,5,-94,1118,21,928.09
2017.12.03_10.18.49,0,-121,-18,-7,5,-94,1319,24,928.09
2017.12.03_10.18.50,0,-122,-19,-7,5,-94,1576,29,928.09
2017.12.03_10.18.51,0,-122,-19,-7,5,-94,1040,22,928.09
2017.12.03_10.18.52,0,-120,-18,-7,5,-94,1252,23,928.09
2017.12.03_10.18.53,0,-120,-18,-7,5,-94,1655,30,928.09
2017.12.03_10.18.54,0,-121,-18,-7,5,-94,1107,21,928.09
2017.12.03_10.18.55,0,-121,-18,-7,5,-94,1912,35,928.09
2017.12.03_10.18.56,0,-121,-18,-7,5,-94,1062,19,928.09
2017.12.03_10.18.57,0,-121,-18,-7,5,-94,1621,77,928.09
2017.12.03_10.18.58,0,-120,-18,-7,5,-94,1163,26,928.09
2017.12.03_10.19.00,0,-120,-18,-7,5,-94,2415,45,928.09
2017.12.03_10.19.01,0,-121,-18,-7,5,-94,1174,22,928.09
2017.12.03_10.19.02,0,-121,-18,-7,5,-94,1241,49,928.09
2017.12.03_10.19.03,0,-121,-18,-7,5,-94,961,43,928.09
2017.12.03_10.19.04,0,-121,-18,-7,5,-94,1274,24,928.09
2017.12.03_10.19.05,0,-122,-19,-7,5,-94,1196,56,928.09
2017.12.03_10.19.06,0,-122,-19,-7,5,-94,1006,41,928.09
2017.12.03_10.19.08,0,-121,-18,-7,5,-94,883,43,928.09
2017.12.03_10.19.09,0,-121,-18,-7,5,-94,726,32,928.09
2017.12.03_10.19.10,0,-121,-19,-7,5,-94,1196,35,928.09
2017.12.03_10.19.11,0,-121,-19,-7,5,-94,1376,26,928.09
2017.12.03_10.19.12,0,-121,-18,-7,5,-94,1438,32,928.09
2017.12.03_10.19.13,0,-121,-18,-7,5,-94,1743,65,928.09
2017.12.03_10.19.14,0,-121,-18,-6,5,-94,1834,33,928.09
2017.12.03_10.19.15,0,-121,-18,-6,5,-94,1576,30,928.09
2017.12.03_10.19.16,0,-121,-18,-7,5,-94,2728,50,928.09
2017.12.03_10.19.18,0,-121,-18,-7,5,-94,1140,24,928.09
2017.12.03_10.19.19,0,-121,-18,-7,5,-94,2717,117,928.09
2017.12.03_10.19.20,0,-121,-18,-7,6,-94,1688,76,928.09
2017.12.03_10.19.21,0,-122,-18,-6,5,-94,1610,41,928.09
2017.12.03_10.19.22,0,-122,-18,-6,5,-94,3321,80,928.09
2017.12.03_10.19.23,0,-121,-18,-6,5,-94,1688,56,928.09
2017.12.03_10.19.24,0,-121,-18,-6,5,-94,2102,39,928.09
2017.12.03_10.19.25,0,-121,-18,-6,5,-94,1744,32,928.09
2017.12.03_10.19.26,0,-121,-18,-6,6,-94,2024,38,928.09
2017.12.03_10.19.28,0,-120,-18,-6,6,-94,2572,48,928.09
2017.12.03_10.19.29,0,-120,-18,-6,6,-94,1923,35,928.09
2017.12.03_10.19.30,0,-121,-18,-6,6,-94,2203,41,928.09
2017.12.03_10.19.31,0,-121,-18,-6,6,-94,4261,79,928.09
2017.12.03_10.19.32,0,-121,-18,-6,6,-94,1755,49,928.09
2017.12.03_10.19.33,0,-121,-18,-6,5,-94,2628,84,928.09
2017.12.03_10.19.34,0,-121,-18,-7,5,-94,1856,45,928.09
2017.12.03_10.19.36,0,-121,-18,-7,5,-94,2717,51,928.09
2017.12.03_10.19.37,0,-121,-17,-6,5,-94,1800,37,928.09
2017.12.03_10.19.38,0,-121,-17,-6,5,-94,2471,46,928.09
2017.12.03_10.19.39,0,-119,-18,-6,5,-94,1219,35,928.09
2017.12.03_10.19.40,0,-119,-18,-6,5,-94,2639,64,928.09
2017.12.03_10.19.41,0,-121,-18,-6,5,-94,1017,40,928.09
2017.12.03_10.19.42,0,-121,-18,-6,5,-94,1644,31,928.09
2017.12.03_10.19.43,0,-122,-16,-3,5,-94,3042,56,928.09
2017.12.03_10.19.45,0,-122,-16,-3,5,-94,2192,41,928.09
2017.12.03_10.19.46,0,-121,-16,-4,5,-94,7336,157,928.09
2017.12.03_10.19.47,0,-121,-16,-4,5,-94,6061,113,928.09
2017.12.03_10.19.48,0,-121,-16,-1,5,-94,4059,76,928.09
2017.12.03_10.19.49,0,-121,-16,-1,5,-94,2292,48,928.09
2017.12.03_10.19.50,0,-121,-18,-1,5,-94,4080,78,928.09
2017.12.03_10.19.51,0,-121,-18,-1,5,-94,2001,37,928.09
2017.12.03_10.19.52,0,-121,-16,-2,5,-94,939,37,928.09
2017.12.03_10.19.53,0,-121,-16,-2,5,-94,1867,34,928.09
2017.12.03_10.19.54,0,-121,-18,-7,5,-94,1498,27,928.09
2017.12.03_10.19.56,0,-121,-18,-7,5,-94,2404,45,928.09
2017.12.03_10.19.57,0,-121,-17,-5,5,-94,4674,87,928.09
2017.12.03_10.19.58,0,-121,-17,-5,5,-94,5032,116,928.09
2017.12.03_10.19.59,0,-121,-16,-2,5,-94,827,31,928.09
2017.12.03_10.20.00,0,-121,-16,-2,5,-94,1330,27,928.09
2017.12.03_10.20.01,0,-121,-18,-5,5,-94,3288,61,928.09
2017.12.03_10.20.02,0,-121,-18,-5,5,-94,5625,116,928.09
2017.12.03_10.20.03,0,-121,-15,-2,5,-94,1834,50,928.09
2017.12.03_10.20.04,0,-121,-15,-2,5,-94,1688,57,928.09
2017.12.03_10.20.05,0,-121,-18,-6,5,-94,2035,37,928.09
2017.12.03_10.20.07,0,-121,-18,-6,5,-94,2885,54,928.09
2017.12.03_10.20.08,0,-121,-18,-7,5,-94,3947,73,928.09
2017.12.03_10.20.09,0,-121,-18,-7,5,-94,3612,73,928.09
2017.12.03_10.20.10,0,-121,-16,-3,5,-94,1207,23,928.09
2017.12.03_10.20.11,0,-121,-16,-3,5,-94,2449,45,928.09
2017.12.03_10.20.12,0,-121,-18,-5,5,-94,693,31,928.09
2017.12.03_10.20.13,0,-121,-18,-5,5,-94,894,39,928.09
2017.12.03_10.20.14,0,-121,-16,-6,5,-94,917,35,928.09
2017.12.03_10.20.16,0,-121,-16,-6,5,-94,2583,48,928.09
2017.12.03_10.20.17,0,-121,-18,-4,5,-94,3209,79,928.09
2017.12.03_10.20.18,0,-121,-18,-4,9,-94,4417,82,928.09
2017.12.03_10.20.19,0,-119,-15,-1,8,-94,2572,48,928.09
2017.12.03_10.20.20,0,-119,-15,-1,8,-94,2818,56,928.09
2017.12.03_10.20.21,0,-121,-17,-1,8,-94,1822,34,928.09
2017.12.03_10.20.22,0,-121,-17,-1,8,-94,4205,78,928.09
2017.12.03_10.20.24,0,-121,-16,0,8,-94,1487,43,928.09
2017.12.03_10.20.25,0,-121,-16,0,8,-94,1274,24,928.09
2017.12.03_10.20.26,0,-121,-18,-5,8,-94,1442,27,928.09
2017.12.03_10.20.27,0,-121,-18,-5,8,-94,2393,44,928.09
2017.12.03_10.20.28,0,-120,-18,-7,8,-94,2281,42,928.09
2017.12.03_10.20.30,0,-120,-18,-7,8,-94,984,24,928.09
2017.12.03_10.20.31,0,-120,-18,-7,8,-94,2180,55,928.09
2017.12.03_10.20.32,0,-120,-18,-7,8,-94,1968,37,928.09
2017.12.03_10.20.33,0,-121,-18,-7,8,-94,2236,42,928.09
2017.12.03_10.20.34,0,-121,-18,-7,8,-94,2214,64,928.09
2017.12.03_10.20.35,0,-121,-15,-5,8,-94,1778,33,928.09
2017.12.03_10.20.36,0,-121,-15,-5,8,-94,2650,49,928.09
2017.12.03_10.20.37,0,-121,-18,-6,8,-94,928,18,928.09
2017.12.03_10.20.39,0,-121,-18,-6,8,-94,2080,51,928.09
2017.12.03_10.20.40,0,-121,-16,2,8,-94,2046,41,928.09
2017.12.03_10.20.41,0,-121,-16,2,8,-94,4417,82,928.09
2017.12.03_10.20.42,0,-121,-16,-4,8,-94,1017,44,928.09
2017.12.03_10.20.43,0,-121,-16,-4,8,-94,3634,68,928.09
2017.12.03_10.20.44,0,-121,-16,-5,8,-94,1867,53,928.09
2017.12.03_10.20.45,0,-121,-16,-5,8,-94,1151,21,928.09
2017.12.03_10.20.46,0,-121,-16,-6,8,-94,2628,49,928.09
2017.12.03_10.20.48,0,-121,-16,-6,5,-94,1744,32,928.09
2017.12.03_10.20.49,0,-119,-18,-6,5,-94,3120,57,928.09
2017.12.03_10.20.50,0,-119,-18,-6,5,-94,1644,30,928.09
2017.12.03_10.20.51,0,-121,-18,-7,5,-94,2605,48,928.09
2017.12.03_10.20.52,0,-121,-18,-7,5,-94,2684,49,928.09
2017.12.03_10.20.53,0,-121,-18,-7,5,-94,1196,28,928.09
2017.12.03_10.20.54,0,-121,-18,-7,6,-94,2672,75,928.09
2017.12.03_10.20.55,0,-119,-18,-7,5,-94,2371,44,928.09
2017.12.03_10.20.57,0,-119,-18,-7,5,-94,3836,71,928.09
2017.12.03_10.20.58,0,-121,-18,-6,5,-94,1163,42,928.09
2017.12.03_10.20.59,0,-121,-18,-6,5,-94,2371,58,928.09
2017.12.03_10.21.00,0,-121,-18,-7,5,-94,2952,55,928.09
2017.12.03_10.21.01,0,-121,-18,-7,5,-94,1140,25,928.09
2017.12.03_10.21.02,0,-119,-15,-6,5,-94,2617,49,928.09
2017.12.03_10.21.03,0,-119,-15,-6,5,-94,134,6,928.09
2017.12.03_10.21.05,0,-124,-19,-2,5,-94,1878,63,928.09
2017.12.03_10.21.06,0,-124,-19,-2,5,-94,1632,33,928.09
2017.12.03_10.21.07,0,-123,-16,-4,5,-94,2057,39,928.09
2017.12.03_10.21.08,0,-123,-16,-4,5,-94,1722,62,928.09
2017.12.03_10.21.09,0,-120,-16,-5,6,-94,849,16,928.09
2017.12.03_10.21.10,0,-120,-16,-5,6,-94,2281,68,928.09
2017.12.03_10.21.11,0,-123,-16,-5,6,-94,1699,33,928.09
2017.12.03_10.21.12,0,-123,-16,-5,6,-94,1297,24,928.09
2017.12.03_10.21.13,0,-123,-16,-5,6,-94,559,22,928.09
2017.12.03_10.21.14,0,-123,-16,-5,5,-94,1252,24,928.09
2017.12.03_10.21.16,0,-123,-16,-5,5,-94,1733,33,928.09
2017.12.03_10.21.17,0,-123,-16,-5,5,-94,1376,27,928.09
2017.12.03_10.21.18,0,-123,-16,-5,5,-94,1096,21,928.09
2017.12.03_10.21.19,0,-123,-16,-5,5,-94,1062,35,928.09
2017.12.03_10.21.20,0,-123,-17,-4,7,-94,984,19,928.09
2017.12.03_10.21.21,0,-123,-17,-4,7,-94,1330,25,928.09
2017.12.03_10.21.22,0,-121,-16,1,7,-94,2840,53,928.09
2017.12.03_10.21.23,0,-121,-16,1,7,-94,1073,23,928.09
2017.12.03_10.21.24,0,-121,-16,-5,7,-94,1744,32,928.09
2017.12.03_10.21.26,0,-121,-16,-5,7,-94,894,21,928.09
2017.12.03_10.21.27,0,-120,-16,-5,7,-94,1655,44,928.09
2017.12.03_10.21.28,0,-120,-16,-5,7,-94,1364,37,928.09
2017.12.03_10.21.29,0,-121,-18,-6,7,-94,1140,26,928.09
2017.12.03_10.21.30,0,-121,-18,-6,7,-94,984,19,928.09
2017.12.03_10.21.31,0,-121,-16,-6,7,-94,1722,32,928.09
2017.12.03_10.21.32,0,-121,-16,-6,7,-94,1442,27,928.09
2017.12.03_10.21.33,0,-120,-15,-6,7,-94,1140,24,928.09
2017.12.03_10.21.34,0,-120,-15,-6,7,-94,1554,53,928.09
2017.12.03_10.21.36,0,-121,-16,-6,7,-94,1364,25,928.09
2017.12.03_10.21.37,0,-121,-16,-6,7,-94,2124,40,928.09
2017.12.03_10.21.38,0,-121,-16,-6,7,-94,1666,58,928.09
2017.12.03_10.21.39,0,-121,-16,-6,7,-94,2941,58,928.09
2017.12.03_10.21.40,0,-120,-16,-5,7,-94,805,31,928.09
2017.12.03_10.21.41,0,-120,-16,-5,7,-94,1062,21,928.09
2017.12.03_10.21.42,0,-121,-15,-6,7,-94,1554,43,928.09
2017.12.03_10.21.43,0,-121,-15,-6,7,-94,816,16,928.09
2017.12.03_10.21.44,0,-121,-18,-7,7,-94,1621,31,928.09
2017.12.03_10.21.45,0,-121,-18,-7,7,-94,1554,29,928.09
2017.12.03_10.21.47,0,-121,-16,-5,7,-94,1028,33,928.09
2017.12.03_10.21.48,0,-121,-16,-5,7,-94,1409,26,928.09
2017.12.03_10.21.49,0,-121,-17,-6,7,-94,1442,27,928.09
2017.12.03_10.21.50,0,-121,-17,-6,7,-94,1789,33,928.09
2017.12.03_10.21.51,0,-121,-16,-6,7,-94,1688,32,928.09
2017.12.03_10.21.52,0,-121,-16,-6,7,-94,1342,28,928.09
2017.12.03_10.21.53,0,-121,-16,-5,7,-94,2404,44,928.09
2017.12.03_10.21.54,0,-121,-16,-5,7,-94,2024,37,928.09
2017.12.03_10.21.55,0,-121,-16,-6,7,-94,1107,20,928.09
2017.12.03_10.21.57,0,-121,-16,-6,7,-94,1028,46,928.09
2017.12.03_10.21.58,0,-121,-16,0,7,-94,78,3,928.09
2017.12.03_10.21.59,0,-121,-16,0,7,-94,1532,53,928.09
2017.12.03_10.22.00,0,-121,-17,-6,7,-94,939,17,928.09
2017.12.03_10.22.01,0,-121,-17,-6,7,-94,1207,22,928.09
2017.12.03_10.22.02,0,-121,-18,-7,7,-94,1319,24,928.09
2017.12.03_10.22.04,0,-121,-18,-7,7,-94,1028,20,928.09
2017.12.03_10.22.05,0,-120,-16,-6,7,-94,1353,25,928.09
2017.12.03_10.22.06,0,-120,-16,-6,7,-94,950,18,928.09
2017.12.03_10.22.07,0,-121,-17,-6,7,-94,2426,69,928.09
2017.12.03_10.22.08,0,-121,-17,-6,7,-94,1118,29,928.09
2017.12.03_10.22.09,0,-121,-16,-5,7,-94,1632,38,928.09
2017.12.03_10.22.10,0,-121,-16,-5,7,-94,1767,51,928.09
2017.12.03_10.22.11,0,-121,-16,-6,7,-94,1151,22,928.09
2017.12.03_10.22.12,0,-121,-16,-6,7,-94,1968,39,928.09
2017.12.03_10.22.14,0,-120,-16,-6,7,-94,1151,21,928.09
2017.12.03_10.22.15,0,-120,-16,-6,7,-94,1330,24,928.09
2017.12.03_10.22.16,0,-122,-16,-5,6,-94,1286,23,928.09
2017.12.03_10.22.17,0,-122,-16,-5,6,-94,1990,37,928.09
2017.12.03_10.22.18,0,-120,-18,-6,6,-94,1554,29,928.09
2017.12.03_10.22.19,0,-120,-18,-6,6,-94,2158,40,928.09
2017.12.03_10.22.20,0,-120,-19,-7,5,-94,1778,53,928.09
2017.12.03_10.22.21,0,-120,-19,-6,5,-94,648,32,928.09
2017.12.03_10.22.22,0,-122,-18,-7,5,-94,2225,110,928.09
2017.12.03_10.22.23,0,-122,-18,-7,5,-94,1263,57,928.09
2017.12.03_10.22.25,0,-122,-19,-7,5,-94,1834,52,928.09
2017.12.03_10.22.26,0,-122,-19,-7,5,-94,917,39,928.09
2017.12.03_10.22.27,0,-122,-19,-7,5,-94,1319,32,928.09
2017.12.03_10.22.28,0,-122,-19,-7,5,-94,2639,49,928.09
2017.12.03_10.22.29,0,-122,-19,-7,5,-94,514,10,928.09
2017.12.03_10.22.30,0,-122,-19,-7,5,-94,1521,61,928.09
2017.12.03_10.22.31,0,-121,-18,-7,5,-94,1789,33,928.09
2017.12.03_10.22.32,0,-121,-18,-7,5,-94,1465,27,928.09
2017.12.03_10.22.33,0,-121,-18,-7,5,-94,849,38,928.09
2017.12.03_10.22.35,0,-121,-18,-7,5,-94,1420,35,928.09
2017.12.03_10.22.36,0,-122,-19,-7,5,-94,2728,51,928.09
2017.12.03_10.22.37,0,-122,-19,-7,5,-94,1744,32,928.09
2017.12.03_10.22.38,0,-122,-18,-7,5,-94,2672,49,928.09
2017.12.03_10.22.39,0,-122,-18,-7,6,-94,2124,39,928.09
2017.12.03_10.22.40,0,-120,-18,-7,5,-94,1722,32,928.09
2017.12.03_10.22.41,0,-120,-18,-7,5,-94,1632,30,928.09
2017.12.03_10.22.42,0,-122,-18,-7,5,-94,1834,34,928.09
2017.12.03_10.22.43,0,-122,-18,-7,5,-94,1688,31,928.09
2017.12.03_10.22.45,0,-122,-19,-7,5,-94,3030,56,928.09
2017.12.03_10.22.46,0,-122,-19,-7,5,-94,2796,115,928.09
2017.12.03_10.22.47,0,-122,-18,-7,5,-94,2751,51,928.09
2017.12.03_10.22.48,0,-122,-18,-7,5,-94,3019,109,928.09
2017.12.03_10.22.49,0,-122,-18,-7,5,-94,3511,65,928.09
2017.12.03_10.22.50,0,-122,-18,-7,5,-94,2035,37,928.09
2017.12.03_10.22.51,0,-122,-19,-7,5,-94,2896,54,928.09
2017.12.03_10.22.52,0,-122,-19,-7,5,-94,838,16,928.09
2017.12.03_10.22.53,0,-120,-19,-7,5,-94,78,3,928.09
2017.12.03_10.22.55,0,-120,-19,-7,5,-94,760,39,928.09
2017.12.03_10.22.56,0,-120,-19,-7,5,-94,1644,50,928.09
2017.12.03_10.22.57,0,-120,-19,-7,5,-94,1073,19,928.09
2017.12.03_10.22.58,0,-120,-18,-7,5,-94,1151,52,928.09
2017.12.03_10.22.59,0,-120,-18,-7,5,-94,1811,63,928.09
2017.12.03_10.23.00,0,-120,-19,-7,5,-94,1308,45,928.09
2017.12.03_10.23.01,0,-120,-19,-7,6,-94,548,14,928.09
2017.12.03_10.23.02,0,-122,-19,-5,6,-94,738,21,928.09
2017.12.03_10.23.03,0,-122,-19,-5,6,-94,1006,25,928.09
2017.12.03_10.23.04,0,-122,-18,-4,6,-94,1465,27,928.09
2017.12.03_10.23.06,0,-122,-18,-4,6,-94,201,4,928.09
2017.12.03_10.23.07,0,-122,-18,-5,6,-94,1655,42,928.09
2017.12.03_10.23.08,0,-122,-18,-5,6,-94,1185,22,928.09
2017.12.03_10.23.09,0,-122,-17,-5,6,-94,1878,35,928.09
2017.12.03_10.23.10,0,-122,-17,-5,6,-94,1565,29,928.09
2017.12.03_10.23.11,0,-122,-17,-4,6,-94,1274,24,928.09
2017.12.03_10.23.12,0,-122,-17,-4,6,-94,1565,29,928.09
2017.12.03_10.23.13,0,-120,-18,-5,6,-94,827,15,928.09
2017.12.03_10.23.14,0,-120,-18,-5,6,-94,2203,41,928.09
2017.12.03_10.23.16,0,-122,-18,-4,6,-94,492,22,928.09
2017.12.03_10.23.17,0,-122,-18,-4,6,-94,1946,51,928.09
2017.12.03_10.23.18,0,-122,-18,-6,6,-94,2024,38,928.09
2017.12.03_10.23.19,0,-122,-18,-6,6,-94,1957,36,928.09
2017.12.03_10.23.20,0,-122,-19,-7,6,-94,749,34,928.09
2017.12.03_10.23.21,0,-122,-19,-7,6,-94,1375,48,928.09
2017.12.03_10.23.22,0,-122,-17,-6,6,-94,1912,35,928.09
2017.12.03_10.23.23,0,-122,-17,-6,6,-94,1453,52,928.09
2017.12.03_10.23.24,0,-122,-16,-4,6,-94,3724,69,928.09
2017.12.03_10.23.25,0,-122,-16,-4,6,-94,2415,45,928.09
2017.12.03_10.23.27,0,-121,-16,-1,6,-94,2438,45,928.09
2017.12.03_10.23.28,0,-121,-16,-1,6,-94,760,14,928.09
2017.12.03_10.23.29,0,-121,-18,-1,6,-94,1509,48,928.09
2017.12.03_10.23.30,0,-121,-18,-1,6,-94,1521,28,928.09
2017.12.03_10.23.31,0,-121,-17,-5,6,-94,928,17,928.09
2017.12.03_10.23.32,0,-121,-17,-5,6,-94,950,18,928.09
2017.12.03_10.23.33,0,-121,-18,-5,6,-94,1375,26,928.09
2017.12.03_10.23.34,0,-121,-18,-5,6,-94,2471,46,928.09
2017.12.03_10.23.35,0,-121,-17,-4,6,-94,1498,28,928.09
2017.12.03_10.23.37,0,-121,-17,-4,6,-94,357,16,928.09
2017.12.03_10.23.38,0,-121,-19,-5,6,-94,2829,52,928.09
2017.12.03_10.23.39,0,-121,-19,-5,6,-94,2829,50,928.09
2017.12.03_10.23.40,0,-122,-18,-2,6,-94,1375,25,928.09
2017.12.03_10.23.41,0,-122,-18,-2,6,-94,1699,53,928.09
2017.12.03_10.23.42,0,-122,-19,-5,6,-94,1934,36,928.09
2017.12.03_10.23.43,0,-122,-19,-5,6,-94,1107,20,928.09
2017.12.03_10.23.44,0,-120,-18,-6,6,-94,1677,31,928.09
2017.12.03_10.23.45,0,-120,-18,-6,6,-94,2851,53,928.09
2017.12.03_10.23.47,0,-122,-19,-5,6,-94,894,17,928.09
2017.12.03_10.23.48,0,-122,-19,-5,6,-94,2438,62,928.09
2017.12.03_10.23.49,0,-121,-18,-5,6,-94,1767,33,928.09
2017.12.03_10.23.50,0,-121,-18,-5,6,-94,782,14,928.09
2017.12.03_10.23.51,0,-121,-18,-5,6,-94,1644,30,928.09
2017.12.03_10.23.52,0,-121,-18,-5,6,-94,2158,40,928.09
2017.12.03_10.23.53,0,-122,-19,-7,6,-94,2426,45,928.09
2017.12.03_10.23.54,0,-122,-19,-7,6,-94,1923,35,928.09
2017.12.03_10.23.56,0,-122,-17,-6,6,-94,4596,85,928.09
2017.12.03_10.23.57,0,-122,-17,-6,6,-94,883,28,928.09
2017.12.03_10.23.58,0,-122,-18,-4,6,-94,2415,80,928.09
2017.12.03_10.23.59,0,-122,-18,-4,6,-94,2706,50,928.09
2017.12.03_10.24.00,0,-122,-17,-3,6,-94,2930,55,928.09
2017.12.03_10.24.01,0,-122,-17,-3,6,-94,2292,42,928.09
2017.12.03_10.24.02,0,-122,-19,-5,6,-94,1543,35,928.09
2017.12.03_10.24.03,0,-122,-19,-5,6,-94,2382,70,928.09
2017.12.03_10.24.04,0,-122,-19,-7,6,-94,3455,64,928.09
2017.12.03_10.24.06,0,-122,-19,-7,6,-94,3243,59,928.09
2017.12.03_10.24.07,0,-122,-17,-6,6,-94,2136,80,928.09
2017.12.03_10.24.08,0,-122,-17,-6,6,-94,1118,21,928.09
2017.12.03_10.24.09,0,-120,-17,-4,6,-94,2777,54,928.09
2017.12.03_10.24.10,0,-120,-17,-4,6,-94,2236,75,928.09
2017.12.03_10.24.11,0,-122,-19,-4,6,-94,2348,43,928.09
2017.12.03_10.24.12,0,-122,-19,-4,6,-94,2415,45,928.09
2017.12.03_10.24.13,0,-122,-18,-6,6,-94,1543,29,928.09
2017.12.03_10.24.14,0,-122,-18,-6,6,-94,1990,63,928.09
2017.12.03_10.24.16,0,-122,-19,-5,6,-94,839,34,928.09
2017.12.03_10.24.17,0,-122,-19,-5,6,-94,1353,26,928.09
2017.12.03_10.24.18,0,-122,-18,-6,6,-94,1789,33,928.09
2017.12.03_10.24.19,0,-122,-18,-6,6,-94,1744,32,928.09
2017.12.03_10.24.20,0,-122,-19,-5,6,-94,2057,38,928.09
2017.12.03_10.24.21,0,-122,-19,-5,6,-94,2214,41,928.09
2017.12.03_10.24.22,0,-122,-19,-6,6,-94,2281,42,928.09
2017.12.03_10.24.23,0,-122,-19,-6,6,-94,4574,85,928.09
2017.12.03_10.24.24,0,-122,-18,-4,6,-94,1767,65,928.09
2017.12.03_10.24.26,0,-122,-18,-4,6,-94,2147,40,928.09
2017.12.03_10.24.27,0,-120,-18,-5,6,-94,2415,76,928.09
2017.12.03_10.24.28,0,-120,-18,-5,6,-94,3042,56,928.09
2017.12.03_10.24.29,0,-122,-18,-5,6,-94,4328,80,928.09
2017.12.03_10.24.30,0,-122,-18,-5,6,-94,3299,61,928.09
2017.12.03_10.24.31,0,-121,-15,-4,6,-94,2986,54,928.09
2017.12.03_10.24.32,0,-121,-15,-4,6,-94,2113,39,928.09
2017.12.03_10.24.33,0,-120,-18,-6,6,-94,2348,44,928.09
2017.12.03_10.24.35,0,-120,-18,-6,6,-94,3455,65,928.09
2017.12.03_10.24.36,0,-121,-18,-7,6,-94,1487,27,928.09
2017.12.03_10.24.37,0,-121,-18,-7,6,-94,2986,55,928.09
2017.12.03_10.24.38,0,-122,-18,-6,6,-94,805,16,928.09
2017.12.03_10.24.39,0,-122,-18,-6,6,-94,2438,103,928.09
2017.12.03_10.24.40,0,-121,-18,-7,6,-94,2158,40,928.09
2017.12.03_10.24.41,0,-121,-18,-7,6,-94,2863,54,928.09
2017.12.03_10.24.42,0,-121,-19,-6,6,-94,1632,31,928.09
2017.12.03_10.24.43,0,-121,-19,-6,6,-94,2807,116,928.09
2017.12.03_10.24.45,0,-122,-19,-6,6,-94,2583,89,928.09
2017.12.03_10.24.46,0,-122,-19,-6,6,-94,1912,36,928.09
2017.12.03_10.24.47,0,-122,-18,-5,6,-94,2818,52,928.09
2017.12.03_10.24.48,0,-122,-18,-5,6,-94,1230,47,928.09
2017.12.03_10.24.49,0,-122,-19,-6,6,-94,2617,53,928.09
2017.12.03_10.24.50,0,-122,-19,-6,6,-94,2706,50,928.09
2017.12.03_10.24.51,0,-120,-18,-7,6,-94,2594,48,928.09
2017.12.03_10.24.52,0,-120,-18,-7,6,-94,1308,24,928.09
2017.12.03_10.24.53,0,-122,-18,-7,6,-94,2930,82,928.09
2017.12.03_10.24.54,0,-122,-18,-7,6,-94,1465,27,928.09
2017.12.03_10.24.56,0,-122,-18,-7,6,-94,2650,49,928.09
2017.12.03_10.24.57,0,-122,-18,-7,6,-94,3165,59,928.09
2017.12.03_10.24.58,0,-122,-19,-7,6,-94,2382,44,928.09
2017.12.03_10.24.59,0,-122,-19,-7,6,-94,1509,28,928.09
2017.12.03_10.25.00,0,-121,-18,-5,6,-94,2404,44,928.09
2017.12.03_10.25.01,0,-121,-18,-5,6,-94,2180,40,928.09
2017.12.03_10.25.02,0,-122,-18,-5,6,-94,2516,46,928.09
2017.12.03_10.25.03,0,-122,-18,-5,6,-94,2449,45,928.09
2017.12.03_10.25.04,0,-120,-18,-6,6,-94,2773,109,928.09
2017.12.03_10.25.06,0,-120,-18,-6,6,-94,2102,39,928.09
2017.12.03_10.25.07,0,-122,-16,-3,6,-94,3198,104,928.09
2017.12.03_10.25.08,0,-122,-16,-3,6,-94,1521,29,928.09
2017.12.03_10.25.09,0,-122,-16,-5,6,-94,8097,182,928.09
2017.12.03_10.25.10,0,-122,-16,-5,6,-94,1465,27,928.09
2017.12.03_10.25.11,0,-120,-16,-2,6,-94,5625,103,928.09
2017.12.03_10.25.12,0,-120,-16,-2,6,-94,2046,38,928.09
2017.12.03_10.25.13,0,-122,-16,-4,6,-94,5748,106,928.09
2017.12.03_10.25.15,0,-122,-16,-4,6,-94,2997,55,928.09
2017.12.03_10.25.16,0,-122,-16,-1,6,-94,3489,64,928.09
2017.12.03_10.25.17,0,-122,-16,-1,6,-94,1588,45,928.09
2017.12.03_10.25.18,0,-122,-18,-2,6,-94,1376,40,928.09
2017.12.03_10.25.19,0,-122,-18,-2,6,-94,3623,73,928.09
2017.12.03_10.25.20,0,-122,-17,-2,6,-94,2561,72,928.09
2017.12.03_10.25.21,0,-122,-17,-2,6,-94,2393,44,928.09
2017.12.03_10.25.22,0,-122,-18,-5,6,-94,2494,45,928.09
2017.12.03_10.25.24,0,-122,-18,-5,6,-94,995,27,928.09
2017.12.03_10.25.25,0,-122,-19,-5,6,-94,2650,67,928.09
2017.12.03_10.25.26,0,-122,-19,-5,6,-94,2639,49,928.09
2017.12.03_10.25.27,0,-122,-18,-6,6,-94,3142,59,928.09
2017.12.03_10.25.28,0,-122,-18,-6,6,-94,3187,59,928.09
2017.12.03_10.25.29,0,-121,-16,-4,6,-94,2359,44,928.09
2017.12.03_10.25.30,0,-121,-16,-4,6,-94,4842,90,928.09
2017.12.03_10.25.31,0,-122,-16,-5,6,-94,3030,56,928.09
2017.12.03_10.25.32,0,-122,-16,-5,6,-94,1129,21,928.09
2017.12.03_10.25.33,0,-122,-18,-5,6,-94,2080,73,928.09
2017.12.03_10.25.35,0,-122,-18,-5,6,-94,2292,42,928.09
2017.12.03_10.25.36,0,-122,-18,-7,6,-94,2494,46,928.09
2017.12.03_10.25.37,0,-122,-18,-7,6,-94,2672,48,928.09
2017.12.03_10.25.38,0,-121,-18,-7,6,-94,1398,26,928.09
2017.12.03_10.25.39,0,-121,-18,-7,6,-94,1789,33,928.09
2017.12.03_10.25.40,0,-122,-18,-6,6,-94,2796,52,928.09
2017.12.03_10.25.41,0,-122,-18,-6,6,-94,2393,44,928.09
2017.12.03_10.25.42,0,-120,-18,-6,6,-94,2628,49,928.09
2017.12.03_10.25.44,0,-120,-18,-6,6,-94,2315,43,928.09
2017.12.03_10.25.45,0,-122,-18,-5,6,-94,2650,104,928.09
2017.12.03_10.25.46,0,-122,-18,-5,6,-94,1957,36,928.09
2017.12.03_10.25.47,0,-121,-18,-6,6,-94,3064,56,928.09
2017.12.03_10.25.48,0,-121,-18,-6,6,-94,536,10,928.09
2017.12.03_10.25.49,0,-120,-16,-5,6,-94,3299,64,928.09
2017.12.03_10.25.50,0,-120,-16,-5,6,-94,2818,52,928.09
2017.12.03_10.25.51,0,-122,-17,-2,6,-94,1912,35,928.09
2017.12.03_10.25.52,0,-122,-17,-2,6,-94,2382,44,928.09
2017.12.03_10.25.53,0,-121,-18,-5,6,-94,2124,39,928.09
2017.12.03_10.25.55,0,-121,-18,-5,6,-94,2874,53,928.09
2017.12.03_10.25.56,0,-120,-18,-6,7,-94,5323,99,928.09
2017.12.03_10.25.57,0,-120,-18,-6,7,-94,2147,39,928.09
2017.12.03_10.25.58,0,-121,-16,-3,7,-94,2740,152,928.09
2017.12.03_10.25.59,0,-121,-16,-3,7,-94,2426,45,928.09
2017.12.03_10.26.00,0,-121,-18,-5,7,-94,2382,70,928.09
2017.12.03_10.26.01,0,-121,-18,-5,7,-94,1934,69,928.09
2017.12.03_10.26.02,0,-120,-16,-2,7,-94,1733,32,928.09
2017.12.03_10.26.03,0,-120,-16,-2,7,-94,3232,60,928.09
2017.12.03_10.26.05,0,-120,-18,-4,7,-94,3422,64,928.09
2017.12.03_10.26.06,0,-120,-18,-4,7,-94,2124,39,928.09
2017.12.03_10.26.07,0,-121,-18,-2,7,-94,3120,58,928.09
2017.12.03_10.26.08,0,-121,-18,-2,7,-94,3455,64,928.09
2017.12.03_10.26.09,0,-121,-16,0,7,-94,1487,64,928.09
2017.12.03_10.26.10,0,-121,-16,0,7,-94,1722,39,928.09
2017.12.03_10.26.11,0,-121,-14,1,7,-94,2818,52,928.09
2017.12.03_10.26.12,0,-121,-14,1,7,-94,4182,77,928.09
2017.12.03_10.26.13,0,-120,-15,1,7,-94,3209,59,928.09
2017.12.03_10.26.14,0,-120,-15,1,7,-94,3086,57,928.09
2017.12.03_10.26.16,0,-121,-16,-1,7,-94,3981,72,928.09
2017.12.03_10.26.17,0,-121,-16,-1,7,-94,2549,47,928.09
2017.12.03_10.26.18,0,-120,-15,-1,7,-94,2371,82,928.09
2017.12.03_10.26.19,0,-120,-15,-1,7,-94,1666,46,928.09
2017.12.03_10.26.20,0,-122,-18,-5,7,-94,1800,33,928.09
2017.12.03_10.26.21,0,-122,-18,-5,7,-94,2013,37,928.09
2017.12.03_10.26.22,0,-120,-17,-5,7,-94,2236,41,928.09
2017.12.03_10.26.23,0,-120,-17,-5,7,-94,2247,41,928.09
2017.12.03_10.26.24,0,-121,-17,-3,7,-94,2169,40,928.09
2017.12.03_10.26.26,0,-121,-17,-3,7,-94,2874,53,928.09
2017.12.03_10.26.27,0,-121,-16,-3,7,-94,2706,50,928.09
2017.12.03_10.26.28,0,-121,-16,-3,7,-94,2930,54,928.09
2017.12.03_10.26.29,0,-122,-16,-2,7,-94,2773,51,928.09
2017.12.03_10.26.30,0,-122,-16,-2,7,-94,3455,68,928.09
2017.12.03_10.26.31,0,-120,-16,-2,7,-94,1867,34,928.09
2017.12.03_10.26.32,0,-120,-16,-2,7,-94,2449,45,928.09
2017.12.03_10.26.33,0,-120,-17,-5,7,-94,2717,50,928.09
2017.12.03_10.26.34,0,-120,-17,-5,7,-94,2270,42,928.09
2017.12.03_10.26.36,0,-120,-18,-4,7,-94,3746,69,928.09
2017.12.03_10.26.37,0,-120,-18,-4,7,-94,2505,46,928.09
2017.12.03_10.26.38,0,-120,-18,-5,7,-94,2102,110,928.09
2017.12.03_10.26.38,0,-120,-18,-5,7,-94,2102,110,928.09
2017.12.03_10.26.39,0,-120,-18,-5,7,-94,2527,60,928.09
2017.12.03_10.26.40,0,-121,-18,-5,7,-94,1979,0,928.09
2017.12.03_10.26.41,0,-121,-18,-5,7,-94,0,0,928.09
2017.12.03_10.26.42,0,-122,-15,-6,7,-94,0,0,928.09
2017.12.03_10.26.44,0,-122,-15,-6,7,-94,0,3,928.09
2017.12.03_10.26.45,0,-122,-18,-6,7,-94,1733,64,928.09
2017.12.03_10.26.46,0,-122,-18,-6,7,-94,1677,62,928.09
2017.12.03_10.26.47,0,-122,-18,-6,7,-94,1498,55,928.09
2017.12.03_10.26.48,0,-122,-18,-6,7,-94,1319,39,928.09
2017.12.03_10.26.49,0,-122,-18,-5,7,-94,2080,38,928.09
2017.12.03_10.26.50,0,-122,-18,-5,7,-94,1632,30,928.09
2017.12.03_10.26.51,0,-121,-18,-6,7,-94,2024,38,928.09
2017.12.03_10.26.53,0,-121,-18,-6,7,-94,2371,44,928.09
2017.12.03_10.26.54,0,-120,-18,-7,7,-94,1487,27,928.09
2017.12.03_10.26.55,0,-120,-18,-7,7,-94,1979,37,928.09
2017.12.03_10.26.56,0,-121,-16,-6,7,-94,1565,66,928.09
2017.12.03_10.26.57,0,-121,-16,-6,7,-94,1867,89,928.09
2017.12.03_10.26.58,0,-121,-19,-4,7,-94,1409,44,928.09
2017.12.03_10.26.59,0,-121,-19,-4,7,-94,2013,57,928.09
2017.12.03_10.27.00,0,-122,-18,-6,7,-94,1856,79,928.09
2017.12.03_10.27.02,0,-122,-18,-6,7,-94,1084,20,928.09
2017.12.03_10.27.03,0,-120,-18,-6,7,-94,2303,43,928.09
2017.12.03_10.27.04,0,-120,-18,-6,7,-94,1521,28,928.09
2017.12.03_10.27.05,0,-121,-18,-6,7,-94,1263,22,928.09
2017.12.03_10.27.06,0,-121,-18,-6,7,-94,1543,73,928.09
2017.12.03_10.27.07,0,-122,-18,-5,7,-94,1319,55,928.09
2017.12.03_10.27.08,0,-122,-18,-5,7,-94,1532,29,928.09
2017.12.03_10.27.09,0,-122,-18,-4,7,-94,2091,39,928.09
2017.12.03_10.27.10,0,-122,-18,-4,7,-94,872,17,928.09
2017.12.03_10.27.12,0,-122,-15,-2,7,-94,2404,91,928.09
2017.12.03_10.27.13,0,-122,-15,-2,7,-94,973,22,928.09
2017.12.03_10.27.14,0,-122,-16,-2,7,-94,2885,53,928.09
2017.12.03_10.27.15,0,-122,-16,-2,7,-94,2572,47,928.09
2017.12.03_10.27.16,0,-122,-15,0,7,-94,2751,51,928.09
2017.12.03_10.27.17,0,-122,-15,0,7,-94,1576,33,928.09
2017.12.03_10.27.18,0,-122,-17,-2,7,-94,2002,41,928.09
2017.12.03_10.27.19,0,-122,-17,-2,7,-94,2851,53,928.09
2017.12.03_10.27.20,0,-121,-16,-1,6,-94,615,12,928.09
2017.12.03_10.27.22,0,-121,-16,-1,6,-94,2930,54,928.09
2017.12.03_10.27.23,0,-121,-18,-5,6,-94,1644,31,928.09
2017.12.03_10.27.24,0,-121,-18,-5,6,-94,2896,54,928.09
2017.12.03_10.27.25,0,-120,-18,-5,6,-94,313,8,928.09
2017.12.03_10.27.26,0,-120,-18,-5,6,-94,2952,135,928.09
2017.12.03_10.27.27,0,-121,-16,-5,6,-94,2807,103,928.09
2017.12.03_10.27.28,0,-121,-16,-5,6,-94,1744,32,928.09
2017.12.03_10.27.29,0,-121,-17,-5,6,-94,2393,45,928.09
2017.12.03_10.27.30,0,-121,-17,-6,6,-94,2013,37,928.09
2017.12.03_10.27.31,0,-119,-17,-6,6,-94,2941,58,928.09
2017.12.03_10.27.33,0,-119,-17,-6,7,-94,1767,32,928.09
2017.12.03_10.27.34,0,-119,-15,-2,9,-94,4730,88,928.09
2017.12.03_10.27.35,0,-119,-15,-2,9,-94,2639,49,928.09
2017.12.03_10.27.36,0,-121,-18,-4,7,-94,615,27,928.09
2017.12.03_10.27.37,0,-121,-18,-4,7,-94,1342,75,928.09
2017.12.03_10.27.38,0,-121,-16,-5,7,-94,2315,75,928.09
2017.12.03_10.27.39,0,-121,-16,-5,7,-94,1923,36,928.09
2017.12.03_10.27.40,0,-120,-17,-5,7,-94,1263,23,928.09
2017.12.03_10.27.41,0,-120,-17,-5,7,-94,3187,59,928.09
2017.12.03_10.27.43,0,-119,-15,-3,7,-94,2494,47,928.09
2017.12.03_10.27.44,0,-119,-15,-3,7,-94,2203,39,928.09
2017.12.03_10.27.45,0,-119,-17,-4,7,-94,3433,64,928.09
2017.12.03_10.27.46,0,-119,-17,-4,7,-94,2124,39,928.09
2017.12.03_10.27.47,0,-122,-17,-5,7,-94,2404,44,928.09
2017.12.03_10.27.48,0,-122,-17,-5,7,-94,2113,39,928.09
2017.12.03_10.27.49,0,-120,-18,-4,7,-94,2840,52,928.09
2017.12.03_10.27.51,0,-120,-18,-4,7,-94,1688,53,928.09
2017.12.03_10.27.52,0,-120,-16,-4,7,-94,615,31,928.09
2017.12.03_10.27.53,0,-120,-16,-4,7,-94,1867,106,928.09
2017.12.03_10.27.54,0,-120,-18,-6,7,-94,1755,76,928.09
2017.12.03_10.27.55,0,-120,-18,-6,7,-94,3209,99,928.09
2017.12.03_10.27.56,0,-120,-17,-6,7,-94,480,9,928.09
2017.12.03_10.27.57,0,-120,-17,-6,7,-94,2158,100,928.09
2017.12.03_10.27.58,0,-120,-18,-7,7,-94,2371,76,928.09
2017.12.03_10.27.59,0,-120,-18,-7,7,-94,1733,32,928.09
2017.12.03_10.28.00,0,-120,-17,-5,7,-94,2035,37,928.09
2017.12.03_10.28.02,0,-120,-17,-5,7,-94,2762,51,928.09
2017.12.03_10.28.03,0,-121,-15,-3,7,-94,3824,71,928.09
2017.12.03_10.28.04,0,-121,-15,-3,7,-94,2639,49,928.09
2017.12.03_10.28.05,0,-121,-18,-3,7,-94,1498,28,928.09
2017.12.03_10.28.06,0,-121,-18,-3,6,-94,5390,97,928.09
2017.12.03_10.28.07,0,-124,-17,-2,7,-94,4495,84,928.09
2017.12.03_10.28.08,0,-124,-17,-2,7,-94,5278,97,928.09
2017.12.03_10.28.09,0,-121,-18,-1,7,-94,4249,155,928.09
2017.12.03_10.28.10,0,-121,-18,-1,7,-94,3299,70,928.09
2017.12.03_10.28.12,0,-121,-14,0,7,-94,6016,111,928.09
2017.12.03_10.28.13,0,-121,-14,0,7,-94,5973,112,928.09
2017.12.03_10.28.14,0,-118,-19,0,5,-94,3950,79,928.09
2017.12.03_10.28.15,0,-118,-19,0,5,-94,989,47,928.09
2017.12.03_10.28.16,0,-124,-19,-4,5,-94,2438,99,928.09
2017.12.03_10.28.17,0,-124,-19,-4,5,-94,3030,56,928.09
2017.12.03_10.28.18,0,-124,-19,-3,5,-94,2382,44,928.09
2017.12.03_10.28.19,0,-124,-19,-3,6,-94,2717,101,928.09
2017.12.03_10.28.20,0,-121,-18,-3,6,-94,4842,90,928.09
2017.12.03_10.28.22,0,-121,-18,-3,6,-94,6263,116,928.09
2017.12.03_10.28.23,0,-121,-16,1,6,-94,5916,109,928.09
2017.12.03_10.28.24,0,-121,-16,1,6,-94,1554,64,928.09
2017.12.03_10.28.25,0,-121,-19,-3,6,-94,2113,48,928.09
2017.12.03_10.28.26,0,-121,-19,-3,6,-94,7101,131,928.09
2017.12.03_10.28.27,0,-123,-17,-1,8,-94,6330,116,928.09
2017.12.03_10.28.28,0,-123,-17,-1,8,-94,1722,62,928.09
2017.12.03_10.28.29,0,-123,-17,-3,5,-94,1722,62,928.09